0;16,515000
1;16,840000
2;17,200000
3;17,505000
4;17,875000
5;18,220000
6;18,535000
7;18,875000
8;19,220000
9;19,595000
10;19,955000
11;20,305000
12;20,560000
13;20,870000
14;21,115000
15;21,445000
16;21,695000
17;21,995000
18;22,240000
19;22,450000
20;22,680000
21;22,865000
22;23,025000
23;23,230000
24;23,435000
25;23,590000
26;23,755000
27;23,905000
28;24,070000
29;24,165000
30;24,265000
31;24,310000
32;24,430000
33;24,520000
34;24,655000
35;24,750000
36;24,810000
37;24,875000
38;24,905000
39;24,980000
40;25,040000
41;25,125000
42;25,195000
43;25,265000
44;25,320000
45;25,405000
46;25,395000
47;25,420000
48;25,440000
49;25,470000
50;25,510000
51;25,545000
52;25,545000
53;25,570000
54;25,580000
55;25,640000
56;25,650000
57;25,645000
58;25,680000
59;25,690000
60;25,725000
61;25,750000
62;25,785000
63;25,790000
64;25,790000
65;25,805000
66;25,820000
67;25,820000
68;25,835000
69;25,855000
70;25,850000
71;25,865000
72;25,870000
73;25,875000
74;25,885000
75;25,895000
76;25,900000
77;25,905000
78;25,910000
79;25,915000
80;25,920000
81;25,920000
82;25,930000
83;25,940000
84;25,945000
85;25,940000
86;25,945000
87;25,945000
88;25,955000
89;25,950000
90;25,955000
91;25,955000
92;25,955000
93;25,950000
94;25,950000
95;25,950000
96;25,960000
97;25,965000
98;25,960000
99;25,960000
100;25,960000
101;25,960000
102;25,960000
103;25,960000
104;25,960000
105;25,965000
106;25,960000
107;25,960000
108;25,960000
109;25,960000
110;25,965000
111;25,960000
112;25,965000
113;25,980000
114;25,985000
115;25,985000
116;25,985000
117;25,985000
118;25,985000
119;25,990000
120;25,990000
121;25,990000
122;25,990000
123;25,995000
124;25,995000
125;25,995000
126;25,995000
127;26,000000
128;26,000000
129;26,000000
130;26,000000
131;26,000000
132;25,995000
133;25,990000
134;25,990000
135;25,990000
136;25,995000
137;25,995000
138;25,995000
139;25,995000
140;25,995000
141;25,995000
142;25,995000
143;25,995000
144;25,995000
145;25,995000
146;25,995000
147;25,990000
148;25,990000
149;25,995000
150;25,995000
151;25,995000
152;25,995000
153;25,995000
154;25,995000
155;25,995000
156;25,995000
157;25,995000
158;25,995000
159;25,995000
160;25,990000
161;25,990000
162;25,990000
163;25,985000
164;25,990000
165;25,990000
166;25,990000
167;25,990000
168;25,985000
169;25,985000
170;25,985000
171;25,980000
172;25,975000
173;25,980000
174;25,990000
175;25,990000
176;25,990000
177;25,990000
178;25,990000
179;25,985000
180;25,990000
181;25,990000
182;25,990000
183;25,990000
184;25,990000
185;25,990000
186;25,990000
187;25,990000
188;25,990000
189;25,990000
190;25,990000
191;25,995000
192;25,995000
193;25,995000
194;25,995000
195;25,995000
196;25,995000
197;25,995000
198;25,990000
199;25,990000
200;25,990000
201;25,990000
202;25,990000
203;25,990000
204;25,990000
205;25,995000
206;25,990000
207;25,985000
208;25,990000
209;25,995000
210;25,995000
211;26,000000
212;26,005000
213;26,005000
214;26,005000
215;26,005000
216;26,005000
217;26,005000
218;26,005000
219;26,005000
220;26,005000
221;26,005000
222;26,005000
223;26,005000
224;26,005000
225;26,000000
226;26,000000
227;26,000000
228;26,000000
229;26,000000
230;26,000000
231;26,000000
232;26,000000
233;26,000000
234;26,000000
235;26,000000
236;26,000000
237;26,000000
238;26,005000
239;26,005000
240;26,005000
241;26,005000
242;26,005000
243;26,005000
244;26,005000
245;26,005000
246;26,010000
247;26,010000
248;26,010000
249;26,010000
250;26,015000
251;26,020000
252;26,020000
253;26,020000
254;26,025000
255;26,025000
256;26,025000
257;26,020000
258;26,030000
259;26,035000
260;26,035000
261;26,035000
262;26,035000
263;26,035000
264;26,040000
265;26,040000
266;26,045000
267;26,045000
268;26,050000
269;26,055000
270;26,045000
271;26,050000
272;26,050000
273;26,055000
274;26,055000
275;26,060000
276;26,065000
277;26,070000
278;26,080000
279;26,100000
280;26,110000
281;26,115000
282;26,135000
283;26,140000
284;26,135000
285;26,140000
286;26,140000
287;26,145000
288;26,155000
289;26,155000
290;26,170000
291;26,165000
292;26,175000
293;26,180000
294;26,170000
295;26,165000
296;26,180000
297;26,180000
298;26,205000
299;26,195000
300;26,190000
301;26,210000
302;26,200000
303;26,215000
304;26,230000
305;26,230000
306;26,235000
307;26,235000
308;26,255000
309;26,260000
310;26,280000
311;26,295000
312;26,300000
313;26,310000
314;26,320000
315;26,325000
316;26,330000
317;26,350000
318;26,360000
319;26,380000
320;26,395000
321;26,400000
322;26,410000
323;26,440000
324;26,450000
325;26,470000
326;26,485000
327;26,495000
328;26,490000
329;26,515000
330;26,540000
331;26,565000
332;26,590000
333;26,570000
334;26,565000
335;26,570000
336;26,575000
337;26,575000
338;26,590000
339;26,600000
340;26,610000
341;26,625000
342;26,640000
343;26,650000
344;26,665000
345;26,680000
346;26,690000
347;26,705000
348;26,700000
349;26,715000
350;26,710000
351;26,735000
352;26,760000
353;26,765000
354;26,770000
355;26,775000
356;26,770000
357;26,775000
358;26,785000
359;26,795000
360;26,805000
361;26,825000
362;26,850000
363;26,850000
364;26,845000
365;26,845000
366;26,850000
367;26,855000
368;26,865000
369;26,870000
370;26,870000
371;26,865000
372;26,880000
373;26,880000
374;26,880000
375;26,900000
376;26,910000
377;26,915000
378;26,925000
379;26,920000
380;26,935000
381;26,930000
382;26,930000
383;26,940000
384;26,950000
385;26,955000
386;26,955000
387;26,955000
388;26,955000
389;26,960000
390;26,965000
391;26,965000
392;26,955000
393;26,960000
394;26,960000
395;26,960000
396;26,955000
397;26,955000
398;26,955000
399;26,950000
400;26,955000
401;26,960000
402;26,960000
403;26,960000
404;26,965000
405;26,965000
406;26,965000
407;26,965000
408;26,960000
409;26,965000
410;26,960000
411;26,965000
412;26,965000
413;26,970000
414;26,975000
415;26,975000
416;26,980000
417;26,975000
418;26,975000
419;26,980000
420;26,985000
421;26,985000
422;26,990000
423;26,985000
424;26,985000
425;26,985000
426;26,985000
427;26,985000
428;26,985000
429;26,985000
430;26,985000
431;26,985000
432;26,990000
433;26,990000
434;26,995000
435;26,995000
436;26,995000
437;27,000000
438;27,000000
439;27,000000
440;27,000000
441;27,000000
442;27,000000
443;27,000000
444;27,000000
445;27,000000
446;27,000000
447;27,000000
448;27,000000
449;27,000000
450;27,000000
451;27,000000
452;27,000000
453;27,000000
454;27,000000
455;27,000000
456;27,000000
457;27,000000
458;27,000000
459;27,000000
460;27,000000
461;27,000000
462;27,000000
463;27,000000
464;27,000000
465;27,000000
466;27,000000
467;27,000000
468;27,000000
469;27,000000
470;26,995000
471;26,995000
472;26,995000
473;26,995000
474;26,995000
475;26,995000
476;26,995000
477;26,995000
478;26,995000
479;26,995000
480;26,995000
481;26,995000
482;26,995000
483;26,995000
484;26,995000
485;26,995000
486;26,995000
487;26,995000
488;26,995000
489;26,995000
490;26,995000
491;26,995000
492;26,995000
493;27,000000
494;27,000000
495;27,000000
496;27,000000
497;27,000000
498;27,000000
499;27,000000
500;27,000000
501;27,000000
502;27,000000
503;27,000000
504;26,995000
505;26,995000
506;26,995000
507;26,995000
508;26,995000
509;26,995000
510;26,995000
511;26,995000
512;26,995000
513;26,995000
514;26,995000
515;26,995000
516;26,995000
517;26,995000
518;26,995000
519;26,995000
520;26,995000
521;26,995000
522;26,995000
523;26,995000
524;26,995000
525;26,995000
526;26,995000
527;26,995000
528;26,995000
529;26,995000
530;26,995000
531;26,995000
532;26,995000
533;26,995000
534;26,995000
535;26,995000
536;26,995000
537;27,000000
538;27,000000
539;27,000000
540;27,000000
541;27,000000
542;27,000000
543;27,000000
544;27,000000
545;27,000000
546;27,000000
547;27,000000
548;27,000000
549;26,995000
550;26,995000
551;26,990000
552;26,990000
553;26,990000
554;26,990000
555;26,990000
556;26,995000
557;27,000000
558;27,000000
559;27,000000
560;27,000000
561;27,000000
562;27,000000
563;27,000000
564;27,000000
565;27,000000
566;27,000000
567;27,000000
568;27,000000
569;27,000000
570;27,000000
571;27,000000
572;27,000000
573;27,000000
574;27,000000
575;27,000000
576;27,000000
577;27,000000
578;27,000000
579;27,000000
580;27,000000
581;27,000000
582;27,000000
583;27,000000
584;27,000000
585;27,000000
586;27,000000
587;27,000000
588;27,000000
589;27,000000
590;27,000000
591;27,000000
592;27,000000
593;27,000000
594;27,000000
595;27,000000
596;27,000000
597;26,995000
598;26,995000
599;26,995000
600;26,995000
601;26,995000
602;26,995000
603;26,995000
604;26,990000
605;26,990000
606;26,995000
607;26,995000
608;26,995000
609;26,995000
610;26,995000
611;26,995000
612;27,000000
613;27,000000
614;26,995000
615;26,995000
616;26,995000
617;26,995000
618;26,995000
619;26,995000
620;27,000000
621;27,000000
622;27,000000
623;27,000000
624;27,000000
625;27,000000
626;27,000000
627;27,000000
628;27,000000
629;27,000000
630;27,000000
631;27,000000
632;27,000000
633;27,000000
634;27,000000
635;27,000000
636;27,000000
637;27,000000
638;27,000000
639;27,000000
640;27,000000
641;27,000000
642;27,000000
643;27,000000
644;27,000000
645;27,000000
646;27,000000
647;27,000000
648;27,000000
649;27,000000
650;27,000000
651;27,000000
652;27,000000
653;27,000000
654;27,000000
655;27,000000
656;27,000000
657;27,000000
658;27,000000
659;27,000000
660;27,000000
661;27,000000
662;26,995000
663;26,995000
664;26,995000
665;26,995000
666;26,995000
667;26,995000
668;26,995000
669;26,995000
670;26,995000
671;26,995000
672;26,995000
673;27,000000
674;27,000000
675;27,000000
676;27,000000
677;27,000000
678;27,000000
679;27,000000
680;27,000000
681;27,000000
682;27,000000
683;26,995000
684;26,995000
685;26,995000
686;26,995000
687;26,995000
688;26,995000
689;26,995000
690;26,995000
691;26,995000
692;26,995000
693;26,995000
694;27,000000
695;27,000000
696;27,000000
697;27,000000
698;27,000000
699;27,000000
700;27,000000
701;27,000000
702;27,000000
703;27,000000
704;27,000000
705;27,000000
706;27,000000
707;27,000000
708;27,000000
709;27,000000
710;27,000000
711;26,995000
712;26,995000
713;26,995000
714;26,990000
715;26,990000
716;26,990000
717;26,990000
718;26,990000
719;26,990000
720;26,985000
721;26,985000
722;26,985000
723;26,985000
724;26,985000
725;26,985000
726;26,985000
727;26,985000
728;26,985000
729;26,985000
730;26,980000
731;26,975000
732;26,975000
733;26,975000
734;26,975000
735;26,975000
736;26,975000
737;26,980000
738;26,980000
739;26,985000
740;26,985000
741;26,985000
742;26,985000
743;26,985000
744;26,985000
745;26,985000
746;26,985000
747;26,985000
748;26,985000
749;26,985000
750;26,980000
751;26,980000
752;26,985000
753;26,985000
754;26,985000
755;26,985000
756;26,985000
757;26,985000
758;26,985000
759;26,985000
760;26,990000
761;26,990000
762;26,990000
763;26,990000
764;26,995000
765;26,995000
766;26,995000
767;26,995000
768;26,995000
769;26,995000
770;26,995000
771;26,995000
772;26,995000
773;26,995000
774;26,995000
775;26,995000
776;26,995000
777;26,995000
778;26,995000
779;26,995000
780;27,000000
781;27,000000
782;27,000000
783;27,000000
784;27,000000
785;27,000000
786;27,000000
787;27,000000
788;27,000000
789;27,000000
790;27,000000
791;27,000000
792;27,000000
793;27,000000
794;27,000000
795;27,000000
796;27,000000
797;27,000000
798;27,000000
799;27,000000
800;27,000000
801;27,000000
802;27,000000
803;27,000000
804;27,000000
805;27,000000
806;27,000000
807;27,000000
808;27,000000
809;27,000000
810;27,000000
811;27,000000
812;27,000000
813;26,995000
814;26,995000
815;26,995000
816;26,995000
817;26,995000
818;26,995000
819;26,995000
820;26,995000
821;26,995000
822;26,995000
823;26,995000
824;26,995000
825;26,995000
826;26,995000
827;26,995000
828;26,995000
829;26,995000
830;26,995000
831;26,995000
832;26,995000
833;26,995000
834;26,995000
835;26,995000
836;26,995000
837;26,995000
838;26,995000
839;26,995000
840;26,995000
841;26,995000
842;26,995000
843;27,000000
844;27,000000
845;27,000000
846;27,000000
847;27,000000
848;27,000000
849;27,000000
850;27,000000
851;27,000000
852;27,000000
853;27,000000
854;27,000000
855;27,000000
856;27,000000
857;27,000000
858;27,000000
859;27,000000
860;26,995000
861;26,995000
862;26,995000
863;26,995000
864;27,000000
865;27,000000
866;27,000000
867;27,000000
868;27,000000
869;27,000000
870;27,000000
871;27,000000
872;27,000000
873;27,000000
874;27,000000
875;27,000000
876;27,000000
877;27,000000
878;27,000000
879;27,000000
880;27,000000
881;27,000000
882;27,000000
883;26,995000
884;26,995000
885;27,000000
886;27,000000
887;27,000000
888;27,000000
889;27,000000
890;27,000000
891;27,000000
892;27,000000
893;27,000000
894;27,000000
895;27,000000
896;27,000000
897;27,000000
898;27,000000
899;27,000000
900;27,000000
901;27,000000
902;26,995000
903;26,995000
904;26,990000
905;26,990000
906;26,990000
907;26,990000
908;26,995000
909;26,995000
910;26,995000
911;27,000000
912;27,000000
913;27,000000
914;27,000000
915;26,995000
916;27,000000
917;27,000000
918;27,000000
919;27,000000
920;27,000000
921;27,000000
922;27,000000
923;27,000000
924;27,000000
925;27,000000
926;27,000000
927;27,000000
928;27,000000
929;27,000000
930;27,000000
931;27,000000
932;27,000000
933;27,000000
934;27,000000
935;27,000000
936;27,000000
937;27,000000
938;27,000000
939;27,000000
940;27,000000
941;27,000000
942;27,000000
943;27,000000
944;27,000000
945;27,000000
946;27,000000
947;27,000000
948;27,000000
949;27,000000
950;27,000000
951;27,000000
952;27,000000
953;27,000000
954;27,000000
955;27,000000
956;27,000000
957;27,000000
958;27,000000
959;26,995000
960;26,995000
961;27,000000
962;27,000000
963;27,000000
964;27,000000
965;27,000000
966;27,000000
967;27,000000
968;27,000000
969;27,000000
970;27,000000
971;27,000000
972;27,000000
973;27,000000
974;27,000000
975;27,000000
976;27,000000
977;27,000000
978;27,000000
979;27,000000
980;27,000000
981;27,000000
982;27,000000
983;27,000000
984;27,000000
985;27,000000
986;27,000000
987;27,000000
988;27,000000
989;27,000000
990;27,000000
991;27,000000
992;27,000000
993;27,000000
994;27,000000
995;27,000000
996;27,000000
997;27,000000
998;27,000000
999;27,000000
1000;27,000000
1001;27,000000
1002;27,000000
1003;27,000000
1004;27,000000
1005;27,000000
1006;27,000000
1007;27,000000
1008;27,000000
1009;27,000000
1010;27,000000
1011;27,000000
1012;27,000000
1013;27,000000
1014;27,000000
1015;27,000000
1016;27,000000
1017;27,000000
1018;27,000000
1019;26,995000
1020;26,995000
1021;26,995000
1022;26,995000
1023;27,000000
1024;26,995000
1025;26,995000
1026;27,000000
1027;27,005000
1028;27,005000
1029;27,000000
1030;27,005000
1031;27,000000
1032;27,000000
1033;27,000000
1034;26,995000
1035;26,995000
1036;26,995000
1037;26,995000
1038;26,995000
1039;26,995000
1040;27,000000
1041;27,000000
1042;27,000000
1043;27,000000
1044;26,995000
1045;26,995000
1046;26,995000
1047;27,000000
1048;27,000000
1049;26,995000
1050;26,995000
1051;26,990000
1052;26,990000
1053;26,990000
1054;26,995000
1055;27,005000
1056;27,005000
1057;27,005000
1058;27,000000
1059;27,000000
1060;27,000000
1061;27,000000
1062;27,000000
1063;27,000000
1064;26,995000
1065;26,995000
1066;26,995000
1067;26,995000
1068;26,995000
1069;26,990000
1070;26,995000
1071;26,995000
1072;26,995000
1073;27,005000
1074;27,010000
1075;27,010000
1076;27,010000
1077;27,010000
1078;27,010000
1079;27,010000
1080;27,020000
1081;27,020000
1082;27,025000
1083;27,025000
1084;27,025000
1085;27,020000
1086;27,020000
1087;27,020000
1088;27,025000
1089;27,025000
1090;27,025000
1091;27,030000
1092;27,030000
1093;27,030000
1094;27,020000
1095;27,015000
1096;27,005000
1097;27,005000
1098;27,005000
1099;27,010000
1100;27,010000
1101;27,010000
1102;27,005000
1103;27,005000
1104;27,010000
1105;27,010000
1106;27,010000
1107;27,010000
1108;27,010000
1109;27,010000
1110;27,010000
1111;27,010000
1112;27,010000
1113;27,015000
1114;27,010000
1115;27,015000
1116;27,015000
1117;27,010000
1118;27,010000
1119;27,015000
1120;27,010000
1121;27,010000
1122;27,015000
1123;27,020000
1124;27,020000
1125;27,020000
1126;27,020000
1127;27,015000
1128;27,015000
1129;27,015000
1130;27,015000
1131;27,015000
1132;27,015000
1133;27,010000
1134;27,005000
1135;27,005000
1136;27,005000
1137;27,005000
1138;27,005000
1139;27,005000
1140;27,005000
1141;27,005000
1142;27,005000
1143;27,010000
1144;27,010000
1145;27,015000
1146;27,015000
1147;27,015000
1148;27,015000
1149;27,015000
1150;27,015000
1151;27,015000
1152;27,015000
1153;27,020000
1154;27,030000
1155;27,025000
1156;27,025000
1157;27,025000
1158;27,025000
1159;27,025000
1160;27,025000
1161;27,035000
1162;27,035000
1163;27,035000
1164;27,035000
1165;27,035000
1166;27,030000
1167;27,030000
1168;27,030000
1169;27,035000
1170;27,035000
1171;27,035000
1172;27,040000
1173;27,040000
1174;27,045000
1175;27,045000
1176;27,055000
1177;27,055000
1178;27,055000
1179;27,060000
1180;27,055000
1181;27,060000
1182;27,055000
1183;27,060000
1184;27,065000
1185;27,065000
1186;27,075000
1187;27,070000
1188;27,075000
1189;27,075000
1190;27,085000
1191;27,080000
1192;27,095000
1193;27,090000
1194;27,095000
1195;27,100000
1196;27,095000
1197;27,095000
1198;27,095000
1199;27,095000
1200;27,100000
1201;27,100000
1202;27,105000
1203;27,120000
1204;27,120000
1205;27,115000
1206;27,115000
1207;27,115000
1208;27,130000
1209;27,130000
1210;27,125000
1211;27,130000
1212;27,145000
1213;27,160000
1214;27,150000
1215;27,155000
1216;27,170000
1217;27,190000
1218;27,215000
1219;27,225000
1220;27,245000
1221;27,260000
1222;27,285000
1223;27,320000
1224;27,320000
1225;27,330000
1226;27,345000
1227;27,355000
1228;27,385000
1229;27,400000
1230;27,410000
1231;27,425000
1232;27,430000
1233;27,420000
1234;27,430000
1235;27,435000
1236;27,445000
1237;27,465000
1238;27,490000
1239;27,505000
1240;27,530000
1241;27,545000
1242;27,565000
1243;27,590000
1244;27,595000
1245;27,605000
1246;27,610000
1247;27,610000
1248;27,615000
1249;27,645000
1250;27,655000
1251;27,675000
1252;27,675000
1253;27,665000
1254;27,675000
1255;27,690000
1256;27,685000
1257;27,700000
1258;27,710000
1259;27,725000
1260;27,725000
1261;27,730000
1262;27,755000
1263;27,770000
1264;27,780000
1265;27,785000
1266;27,775000
1267;27,775000
1268;27,785000
1269;27,785000
1270;27,785000
1271;27,780000
1272;27,795000
1273;27,805000
1274;27,800000
1275;27,800000
1276;27,805000
1277;27,810000
1278;27,820000
1279;27,825000
1280;27,820000
1281;27,825000
1282;27,830000
1283;27,830000
1284;27,825000
1285;27,835000
1286;27,830000
1287;27,835000
1288;27,840000
1289;27,855000
1290;27,870000
1291;27,870000
1292;27,880000
1293;27,890000
1294;27,905000
1295;27,900000
1296;27,920000
1297;27,920000
1298;27,915000
1299;27,915000
1300;27,915000
1301;27,935000
1302;27,940000
1303;27,945000
1304;27,940000
1305;27,935000
1306;27,925000
1307;27,925000
1308;27,925000
1309;27,920000
1310;27,925000
1311;27,920000
1312;27,925000
1313;27,915000
1314;27,930000
1315;27,940000
1316;27,955000
1317;27,955000
1318;27,955000
1319;27,960000
1320;27,960000
1321;27,975000
1322;27,975000
1323;27,980000
1324;27,980000
1325;27,980000
1326;27,980000
1327;27,990000
1328;27,990000
1329;27,990000
1330;27,990000
1331;27,990000
1332;27,990000
1333;27,995000
1334;27,995000
1335;27,995000
1336;27,995000
1337;28,000000
1338;28,000000
1339;28,000000
1340;28,000000
1341;28,000000
1342;28,000000
1343;28,000000
1344;28,000000
1345;28,000000
1346;28,000000
1347;28,000000
1348;28,000000
1349;28,000000
1350;28,000000
1351;28,000000
1352;28,000000
1353;28,000000
1354;28,000000
1355;28,000000
1356;28,000000
1357;28,000000
1358;28,000000
1359;28,000000
1360;27,995000
1361;27,995000
1362;27,995000
1363;27,995000
1364;27,995000
1365;27,995000
1366;27,995000
1367;27,995000
1368;27,995000
1369;27,995000
1370;27,995000
1371;27,995000
1372;27,995000
1373;27,995000
1374;27,995000
1375;27,995000
1376;27,995000
1377;27,995000
1378;27,990000
1379;27,990000
1380;27,990000
1381;27,990000
1382;27,995000
1383;27,995000
1384;27,995000
1385;27,995000
1386;27,995000
1387;28,000000
1388;28,000000
1389;28,000000
1390;28,000000
1391;28,000000
1392;28,000000
1393;28,000000
1394;28,000000
1395;28,000000
1396;28,000000
1397;28,000000
1398;28,000000
1399;28,000000
1400;28,000000
1401;28,000000
1402;28,000000
1403;28,000000
1404;28,000000
1405;28,000000
1406;28,000000
1407;28,000000
1408;28,000000
1409;28,000000
1410;28,000000
1411;28,000000
1412;28,000000
1413;28,005000
1414;28,005000
1415;28,005000
1416;28,005000
1417;28,010000
1418;28,005000
1419;28,010000
1420;28,005000
1421;28,010000
1422;28,010000
1423;28,005000
1424;28,005000
1425;28,000000
1426;28,000000
1427;28,000000
1428;28,010000
1429;28,000000
1430;28,000000
1431;28,000000
1432;28,025000
1433;28,030000
1434;28,030000
1435;28,020000
1436;28,020000
1437;28,025000
1438;28,025000
1439;28,030000
1440;28,035000
1441;28,035000
1442;28,040000
1443;28,050000
1444;28,055000
1445;28,065000
1446;28,070000
1447;28,065000
1448;28,070000
1449;28,070000
1450;28,085000
1451;28,100000
1452;28,110000
1453;28,110000
1454;28,120000
1455;28,110000
1456;28,105000
1457;28,110000
1458;28,105000
1459;28,110000
1460;28,105000
1461;28,105000
1462;28,120000
1463;28,140000
1464;28,150000
1465;28,165000
1466;28,160000
1467;28,175000
1468;28,180000
1469;28,175000
1470;28,190000
1471;28,195000
1472;28,205000
1473;28,210000
1474;28,225000
1475;28,240000
1476;28,260000
1477;28,265000
1478;28,275000
1479;28,300000
1480;28,285000
1481;28,315000
1482;28,320000
1483;28,350000
1484;28,365000
1485;28,370000
1486;28,395000
1487;28,420000
1488;28,410000
1489;28,415000
1490;28,420000
1491;28,440000
1492;28,440000
1493;28,445000
1494;28,460000
1495;28,470000
1496;28,480000
1497;28,485000
1498;28,490000
1499;28,505000
1500;28,520000
1501;28,525000
1502;28,550000
1503;28,560000
1504;28,565000
1505;28,570000
1506;28,570000
1507;28,600000
1508;28,595000
1509;28,605000
1510;28,605000
1511;28,630000
1512;28,630000
1513;28,645000
1514;28,645000
1515;28,660000
1516;28,690000
1517;28,700000
1518;28,735000
1519;28,740000
1520;28,755000
1521;28,775000
1522;28,775000
1523;28,785000
1524;28,790000
1525;28,795000
1526;28,805000
1527;28,825000
1528;28,820000
1529;28,820000
1530;28,825000
1531;28,835000
1532;28,855000
1533;28,860000
1534;28,855000
1535;28,855000
1536;28,855000
1537;28,855000
1538;28,850000
1539;28,860000
1540;28,865000
1541;28,860000
1542;28,870000
1543;28,875000
1544;28,895000
1545;28,900000
1546;28,900000
1547;28,905000
1548;28,905000
1549;28,905000
1550;28,905000
1551;28,920000
1552;28,925000
1553;28,925000
1554;28,930000
1555;28,930000
1556;28,940000
1557;28,940000
1558;28,940000
1559;28,945000
1560;28,950000
1561;28,950000
1562;28,955000
1563;28,965000
1564;28,970000
1565;28,970000
1566;28,975000
1567;28,975000
1568;28,980000
1569;28,980000
1570;28,980000
1571;28,980000
1572;28,980000
1573;28,980000
1574;28,975000
1575;28,975000
1576;28,980000
1577;28,980000
1578;28,985000
1579;28,985000
1580;28,985000
1581;28,985000
1582;28,985000
1583;28,980000
1584;28,980000
1585;28,980000
1586;28,980000
1587;28,985000
1588;28,985000
1589;28,985000
1590;28,990000
1591;28,990000
1592;28,985000
1593;28,985000
1594;28,980000
1595;28,980000
1596;28,985000
1597;28,990000
1598;28,990000
1599;28,990000
1600;28,990000
1601;28,990000
1602;28,985000
1603;28,985000
1604;28,985000
1605;28,985000
1606;28,985000
1607;28,985000
1608;28,990000
1609;28,990000
1610;28,990000
1611;28,995000
1612;28,995000
1613;29,000000
1614;29,000000
1615;29,000000
1616;29,000000
1617;28,995000
1618;28,995000
1619;28,995000
1620;28,995000
1621;28,995000
1622;28,995000
1623;28,995000
1624;28,995000
1625;28,995000
1626;29,000000
1627;29,000000
1628;29,005000
1629;29,000000
1630;28,995000
1631;28,990000
1632;28,990000
1633;28,990000
1634;28,990000
1635;28,990000
1636;28,990000
1637;28,990000
1638;28,990000
1639;28,990000
1640;28,990000
1641;28,990000
1642;28,990000
1643;28,995000
1644;28,995000
1645;28,995000
1646;29,000000
1647;29,000000
1648;29,000000
1649;29,000000
1650;29,000000
1651;29,000000
1652;29,000000
1653;29,000000
1654;29,000000
1655;29,000000
1656;29,000000
1657;29,000000
1658;29,000000
1659;29,000000
1660;29,000000
1661;29,000000
1662;29,000000
1663;29,000000
1664;29,000000
1665;29,000000
1666;29,000000
1667;29,000000
1668;29,000000
1669;29,000000
1670;29,000000
1671;29,000000
1672;29,000000
1673;29,000000
1674;29,000000
1675;29,000000
1676;29,000000
1677;29,000000
1678;29,000000
1679;29,000000
1680;29,000000
1681;29,000000
1682;29,000000
1683;29,000000
1684;29,000000
1685;29,000000
1686;29,000000
1687;29,000000
1688;29,000000
1689;29,000000
1690;29,000000
1691;29,000000
1692;29,000000
1693;29,000000
1694;29,000000
1695;29,000000
1696;29,000000
1697;29,000000
1698;29,000000
1699;29,000000
1700;28,995000
1701;28,995000
1702;28,995000
1703;28,995000
1704;28,995000
1705;29,000000
1706;29,000000
1707;29,000000
1708;29,000000
1709;28,995000
1710;29,000000
1711;29,000000
1712;29,000000
1713;29,000000
1714;29,000000
1715;29,000000
1716;29,000000
1717;29,000000
1718;29,000000
1719;29,000000
1720;29,000000
1721;29,000000
1722;29,000000
1723;29,000000
1724;29,000000
1725;29,000000
1726;29,000000
1727;29,000000
1728;29,000000
1729;29,000000
1730;29,000000
1731;29,000000
1732;29,000000
1733;29,000000
1734;29,000000
1735;29,000000
1736;29,000000
1737;29,000000
1738;29,000000
1739;29,000000
1740;29,000000
1741;29,000000
1742;29,000000
1743;29,000000
1744;29,000000
1745;29,000000
1746;28,995000
1747;28,995000
1748;28,995000
1749;28,995000
1750;28,995000
1751;28,995000
1752;28,995000
1753;28,995000
1754;28,995000
1755;28,995000
1756;28,995000
1757;28,990000
1758;28,990000
1759;28,990000
1760;28,990000
1761;28,995000
1762;29,000000
1763;29,000000
1764;29,000000
1765;29,000000
1766;29,000000
1767;28,995000
1768;28,995000
1769;28,995000
1770;28,995000
1771;28,995000
1772;28,995000
1773;28,995000
1774;28,995000
1775;28,995000
1776;28,995000
1777;28,995000
1778;28,995000
1779;28,995000
1780;28,995000
1781;28,995000
1782;28,990000
1783;28,990000
1784;28,995000
1785;28,995000
1786;28,995000
1787;28,995000
1788;28,995000
1789;28,995000
1790;28,995000
1791;28,995000
1792;28,995000
1793;28,995000
1794;28,995000
1795;28,995000
1796;28,995000
1797;29,000000
1798;29,000000
1799;29,000000
1800;29,000000
1801;28,995000
1802;28,995000
1803;28,995000
1804;28,995000
1805;28,995000
1806;28,995000
1807;28,995000
1808;28,995000
1809;28,995000
1810;28,995000
1811;28,995000
1812;28,995000
1813;28,995000
1814;28,995000
1815;28,990000
1816;28,995000
1817;28,995000
1818;28,990000
1819;28,990000
1820;28,990000
1821;28,990000
1822;28,985000
1823;28,985000
1824;28,985000
1825;28,985000
1826;28,990000
1827;28,990000
1828;28,990000
1829;28,995000
1830;28,995000
1831;28,995000
1832;28,995000
1833;28,995000
1834;29,000000
1835;28,995000
1836;29,000000
1837;29,000000
1838;29,000000
1839;29,000000
1840;28,995000
1841;28,995000
1842;28,995000
1843;28,995000
1844;28,990000
1845;28,990000
1846;28,990000
1847;28,990000
1848;28,990000
1849;28,995000
1850;28,995000
1851;28,995000
1852;28,995000
1853;28,995000
1854;28,995000
1855;28,995000
1856;28,990000
1857;28,990000
1858;28,990000
1859;28,990000
1860;28,990000
1861;28,990000
1862;28,990000
1863;28,990000
1864;28,995000
1865;28,995000
1866;28,995000
1867;28,995000
1868;28,995000
1869;28,995000
1870;28,995000
1871;29,000000
1872;29,000000
1873;29,000000
1874;29,000000
1875;29,000000
1876;29,000000
1877;29,000000
1878;29,000000
1879;29,000000
1880;28,995000
1881;28,990000
1882;28,990000
1883;28,990000
1884;28,990000
1885;28,990000
1886;28,985000
1887;28,985000
1888;28,985000
1889;28,980000
1890;28,975000
1891;28,975000
1892;28,975000
1893;28,975000
1894;28,975000
1895;28,975000
1896;28,975000
1897;28,975000
1898;28,975000
1899;28,975000
1900;28,975000
1901;28,980000
1902;28,980000
1903;28,980000
1904;28,980000
1905;28,980000
1906;28,980000
1907;28,975000
1908;28,975000
1909;28,980000
1910;28,980000
1911;28,980000
1912;28,975000
1913;28,975000
1914;28,975000
1915;28,975000
1916;28,975000
1917;28,975000
1918;28,975000
1919;28,975000
1920;28,975000
1921;28,975000
1922;28,975000
1923;28,980000
1924;28,980000
1925;28,980000
1926;28,985000
1927;28,985000
1928;28,985000
1929;28,985000
1930;28,985000
1931;28,985000
1932;28,985000
1933;28,985000
1934;28,995000
1935;28,990000
1936;28,995000
1937;28,995000
1938;28,995000
1939;28,995000
1940;28,995000
1941;28,995000
1942;28,995000
1943;28,995000
1944;29,000000
1945;29,000000
1946;29,000000
1947;29,000000
1948;29,000000
1949;29,000000
1950;29,000000
1951;29,000000
1952;29,000000
1953;29,000000
1954;29,000000
1955;29,000000
1956;29,000000
1957;29,000000
1958;29,000000
1959;29,000000
1960;29,000000
1961;29,000000
1962;29,000000
1963;29,000000
1964;29,000000
1965;29,000000
1966;28,995000
1967;28,995000
1968;28,995000
1969;28,995000
1970;28,995000
1971;28,995000
1972;29,000000
1973;29,000000
1974;29,000000
1975;29,000000
1976;29,000000
1977;29,000000
1978;29,000000
1979;29,000000
1980;29,000000
1981;29,000000
1982;29,000000
1983;29,000000
1984;29,000000
1985;29,000000
1986;29,000000
1987;29,000000
1988;29,000000
1989;29,000000
1990;29,000000
1991;29,000000
1992;29,000000
1993;29,000000
1994;29,000000
1995;29,000000
1996;29,000000
1997;29,000000
1998;29,000000
1999;29,000000
2000;29,000000
2001;29,000000
2002;29,000000
2003;29,000000
2004;29,000000
2005;29,000000
2006;29,000000
2007;29,000000
2008;28,995000
2009;28,995000
2010;29,000000
2011;28,995000
2012;28,995000
2013;29,000000
2014;29,000000
2015;29,000000
2016;29,000000
2017;29,000000
2018;29,000000
2019;29,000000
2020;29,000000
2021;29,000000
2022;29,000000
2023;29,000000
2024;29,000000
2025;28,995000
2026;28,995000
2027;28,995000
2028;28,995000
2029;28,995000
2030;28,990000
2031;28,990000
2032;28,990000
2033;28,985000
2034;28,985000
2035;28,980000
2036;28,980000
2037;28,980000
2038;28,985000
2039;28,990000
2040;28,990000
2041;28,985000
2042;28,985000
2043;28,985000
2044;28,990000
2045;28,995000
2046;28,995000
2047;28,995000
2048;28,995000
2049;28,995000
2050;28,995000
2051;28,995000
2052;28,995000
2053;28,995000
2054;28,995000
2055;28,995000
2056;28,995000
2057;28,995000
2058;28,995000
2059;28,995000
2060;28,995000
2061;28,995000
2062;28,995000
2063;28,995000
2064;29,000000
2065;29,000000
2066;29,000000
2067;29,000000
2068;29,000000
2069;29,000000
2070;29,000000
2071;29,000000
2072;29,000000
2073;29,000000
2074;29,000000
2075;29,000000
2076;29,000000
2077;29,000000
2078;29,000000
2079;29,000000
2080;29,000000
2081;29,000000
2082;29,000000
2083;29,000000
2084;29,000000
2085;29,000000
2086;29,000000
2087;29,000000
2088;29,000000
2089;29,000000
2090;29,000000
2091;29,000000
2092;29,000000
2093;28,995000
2094;28,995000
2095;28,995000
2096;28,995000
2097;28,995000
2098;28,990000
2099;28,990000
2100;28,990000
2101;28,990000
2102;28,990000
2103;28,990000
2104;28,995000
2105;28,995000
2106;28,995000
2107;28,995000
2108;28,995000
2109;28,990000
2110;28,990000
2111;28,990000
2112;28,995000
2113;28,995000
2114;28,995000
2115;28,995000
2116;28,995000
2117;28,995000
2118;28,995000
2119;28,995000
2120;28,995000
2121;28,995000
2122;28,995000
2123;28,995000
2124;29,000000
2125;29,000000
2126;29,000000
2127;29,000000
2128;29,000000
2129;29,000000
2130;29,000000
2131;29,000000
2132;29,000000
2133;29,000000
2134;29,000000
2135;28,995000
2136;29,000000
2137;29,005000
2138;29,005000
2139;29,005000
2140;29,000000
2141;29,000000
2142;29,000000
2143;29,005000
2144;29,005000
2145;29,005000
2146;29,005000
2147;29,005000
2148;29,005000
2149;29,010000
2150;29,015000
2151;29,015000
2152;29,015000
2153;29,015000
2154;29,015000
2155;29,015000
2156;29,015000
2157;29,010000
2158;29,010000
2159;29,015000
2160;29,010000
2161;29,010000
2162;29,010000
2163;29,015000
2164;29,015000
2165;29,015000
2166;29,020000
2167;29,020000
2168;29,020000
2169;29,025000
2170;29,025000
2171;29,035000
2172;29,035000
2173;29,035000
2174;29,030000
2175;29,030000
2176;29,025000
2177;29,025000
2178;29,025000
2179;29,025000
2180;29,025000
2181;29,030000
2182;29,035000
2183;29,035000
2184;29,035000
2185;29,035000
2186;29,030000
2187;29,020000
2188;29,015000
2189;29,015000
2190;29,015000
2191;29,010000
2192;29,015000
2193;29,015000
2194;29,015000
2195;29,015000
2196;29,010000
2197;29,010000
2198;29,010000
2199;29,010000
2200;29,010000
2201;29,010000
2202;29,010000
2203;29,010000
2204;29,015000
2205;29,015000
2206;29,020000
2207;29,025000
2208;29,025000
2209;29,030000
2210;29,030000
2211;29,030000
2212;29,035000
2213;29,035000
2214;29,035000
2215;29,035000
2216;29,040000
2217;29,040000
2218;29,040000
2219;29,045000
2220;29,050000
2221;29,050000
2222;29,055000
2223;29,050000
2224;29,055000
2225;29,060000
2226;29,055000
2227;29,055000
2228;29,055000
2229;29,065000
2230;29,070000
2231;29,085000
2232;29,095000
2233;29,085000
2234;29,085000
2235;29,085000
2236;29,080000
2237;29,085000
2238;29,075000
2239;29,080000
2240;29,085000
2241;29,095000
2242;29,105000
2243;29,105000
2244;29,110000
2245;29,115000
2246;29,105000
2247;29,115000
2248;29,110000
2249;29,115000
2250;29,125000
2251;29,120000
2252;29,120000
2253;29,115000
2254;29,125000
2255;29,125000
2256;29,125000
2257;29,125000
2258;29,125000
2259;29,130000
2260;29,135000
2261;29,140000
2262;29,155000
2263;29,155000
2264;29,160000
2265;29,135000
2266;29,135000
2267;29,140000
2268;29,140000
2269;29,140000
2270;29,150000
2271;29,160000
2272;29,160000
2273;29,160000
2274;29,160000
2275;29,160000
2276;29,165000
2277;29,175000
2278;29,175000
2279;29,180000
2280;29,175000
2281;29,185000
2282;29,200000
2283;29,190000
2284;29,200000
2285;29,215000
2286;29,235000
2287;29,250000
2288;29,250000
2289;29,240000
2290;29,255000
2291;29,270000
2292;29,275000
2293;29,295000
2294;29,305000
2295;29,310000
2296;29,330000
2297;29,330000
2298;29,345000
2299;29,345000
2300;29,365000
2301;29,400000
2302;29,410000
2303;29,445000
2304;29,460000
2305;29,480000
2306;29,490000
2307;29,490000
2308;29,500000
2309;29,525000
2310;29,535000
2311;29,550000
2312;29,565000
2313;29,565000
2314;29,580000
2315;29,585000
2316;29,605000
2317;29,620000
2318;29,650000
2319;29,655000
2320;29,670000
2321;29,680000
2322;29,700000
2323;29,725000
2324;29,745000
2325;29,760000
2326;29,780000
2327;29,810000
2328;29,820000
2329;29,825000
2330;29,855000
2331;29,865000
2332;29,905000
2333;29,920000
2334;29,930000
2335;29,930000
2336;29,945000
2337;29,975000
2338;29,995000
2339;30,020000
2340;30,060000
2341;30,075000
2342;30,120000
2343;30,135000
2344;30,150000
2345;30,170000
2346;30,185000
2347;30,190000
2348;30,210000
2349;30,240000
2350;30,275000
2351;30,275000
2352;30,295000
2353;30,305000
2354;30,325000
2355;30,325000
2356;30,350000
2357;30,340000
2358;30,350000
2359;30,360000
2360;30,385000
2361;30,420000
2362;30,420000
2363;30,460000
2364;30,485000
2365;30,495000
2366;30,525000
2367;30,535000
2368;30,555000
2369;30,560000
2370;30,575000
2371;30,575000
2372;30,570000
2373;30,565000
2374;30,610000
2375;30,605000
2376;30,615000
2377;30,615000
2378;30,635000
2379;30,635000
2380;30,645000
2381;30,640000
2382;30,640000
2383;30,660000
2384;30,675000
2385;30,685000
2386;30,695000
2387;30,680000
2388;30,670000
2389;30,690000
2390;30,710000
2391;30,730000
2392;30,735000
2393;30,755000
2394;30,780000
2395;30,770000
2396;30,780000
2397;30,775000
2398;30,785000
2399;30,795000
2400;30,805000
2401;30,825000
2402;30,825000
2403;30,815000
2404;30,830000
2405;30,835000
2406;30,830000
2407;30,845000
2408;30,855000
2409;30,860000
2410;30,870000
2411;30,875000
2412;30,875000
2413;30,870000
2414;30,875000
2415;30,885000
2416;30,890000
2417;30,900000
2418;30,905000
2419;30,910000
2420;30,910000
2421;30,920000
2422;30,915000
2423;30,905000
2424;30,910000
2425;30,910000
2426;30,905000
2427;30,910000
2428;30,905000
2429;30,900000
2430;30,910000
2431;30,895000
2432;30,895000
2433;30,895000
2434;30,895000
2435;30,905000
2436;30,910000
2437;30,915000
2438;30,910000
2439;30,910000
2440;30,925000
2441;30,930000
2442;30,930000
2443;30,935000
2444;30,935000
2445;30,940000
2446;30,940000
2447;30,940000
2448;30,945000
2449;30,945000
2450;30,940000
2451;30,950000
2452;30,955000
2453;30,955000
2454;30,955000
2455;30,955000
2456;30,950000
2457;30,950000
2458;30,945000
2459;30,950000
2460;30,960000
2461;30,960000
2462;30,955000
2463;30,955000
2464;30,960000
2465;30,955000
2466;30,955000
2467;30,955000
2468;30,960000
2469;30,960000
2470;30,955000
2471;30,960000
2472;30,955000
2473;30,950000
2474;30,955000
2475;30,950000
2476;30,945000
2477;30,945000
2478;30,950000
2479;30,955000
2480;30,965000
2481;30,970000
2482;30,970000
2483;30,965000
2484;30,960000
2485;30,970000
2486;30,970000
2487;30,970000
2488;30,970000
2489;30,975000
2490;30,975000
2491;30,975000
2492;30,970000
2493;30,970000
2494;30,970000
2495;30,970000
2496;30,975000
2497;30,980000
2498;30,985000
2499;30,985000
2500;30,985000
2501;30,985000
2502;30,985000
2503;30,980000
2504;30,980000
2505;30,980000
2506;30,980000
2507;30,985000
2508;30,980000
2509;30,980000
2510;30,975000
2511;30,990000
2512;30,990000
2513;30,990000
2514;30,990000
2515;30,990000
2516;30,990000
2517;30,990000
2518;30,990000
2519;30,995000
2520;30,990000
2521;30,995000
2522;31,000000
2523;31,000000
2524;31,000000
2525;31,000000
2526;31,000000
2527;31,000000
2528;31,000000
2529;30,995000
2530;30,995000
2531;30,995000
2532;30,995000
2533;30,995000
2534;30,995000
2535;31,000000
2536;31,000000
2537;31,000000
2538;31,000000
2539;31,000000
2540;31,000000
2541;31,000000
2542;31,000000
2543;31,000000
2544;31,000000
2545;31,000000
2546;31,005000
2547;31,005000
2548;31,005000
2549;31,005000
2550;31,005000
2551;31,005000
2552;31,005000
2553;31,005000
2554;31,005000
2555;31,005000
2556;31,005000
2557;31,005000
2558;31,005000
2559;31,005000
2560;31,005000
2561;31,000000
2562;31,000000
2563;31,000000
2564;31,000000
2565;31,000000
2566;31,000000
2567;31,000000
2568;31,000000
2569;31,000000
2570;31,000000
2571;31,000000
2572;31,000000
2573;31,000000
2574;31,000000
2575;31,000000
2576;31,000000
2577;31,000000
2578;31,000000
2579;31,000000
2580;31,000000
2581;31,000000
2582;31,000000
2583;31,000000
2584;31,000000
2585;31,000000
2586;31,000000
2587;31,000000
2588;31,000000
2589;31,000000
2590;31,000000
2591;30,995000
2592;30,995000
2593;30,995000
2594;30,995000
2595;30,995000
2596;30,995000
2597;30,995000
2598;30,995000
2599;30,995000
2600;30,995000
2601;30,995000
2602;30,995000
2603;30,995000
2604;30,995000
2605;30,995000
2606;30,995000
2607;31,000000
2608;31,000000
2609;31,000000
2610;31,000000
2611;31,000000
2612;31,000000
2613;31,000000
2614;31,000000
2615;31,000000
2616;31,000000
2617;31,000000
2618;31,000000
2619;31,000000
2620;31,000000
2621;31,000000
2622;31,000000
2623;31,000000
2624;31,000000
2625;31,000000
2626;31,000000
2627;31,000000
2628;31,000000
2629;31,000000
2630;31,000000
2631;31,000000
2632;30,995000
2633;30,995000
2634;30,995000
2635;30,995000
2636;30,995000
2637;30,995000
2638;30,995000
2639;31,000000
2640;31,005000
2641;31,005000
2642;31,005000
2643;31,005000
2644;31,005000
2645;31,005000
2646;31,005000
2647;31,005000
2648;31,005000
2649;31,005000
2650;31,005000
2651;31,005000
2652;31,005000
2653;31,005000
2654;31,005000
2655;31,005000
2656;31,005000
2657;31,005000
2658;31,005000
2659;31,005000
2660;31,010000
2661;31,010000
2662;31,015000
2663;31,015000
2664;31,015000
2665;31,020000
2666;31,025000
2667;31,020000
2668;31,020000
2669;31,020000
2670;31,015000
2671;31,015000
2672;31,015000
2673;31,010000
2674;31,010000
2675;31,005000
2676;31,015000
2677;31,015000
2678;31,015000
2679;31,015000
2680;31,020000
2681;31,020000
2682;31,025000
2683;31,020000
2684;31,025000
2685;31,035000
2686;31,040000
2687;31,035000
2688;31,030000
2689;31,025000
2690;31,030000
2691;31,020000
2692;31,020000
2693;31,020000
2694;31,020000
2695;31,020000
2696;31,020000
2697;31,015000
2698;31,010000
2699;31,005000
2700;31,010000
2701;31,005000
2702;31,005000
2703;31,015000
2704;31,015000
2705;31,015000
2706;31,015000
2707;31,015000
2708;31,015000
2709;31,015000
2710;31,025000
2711;31,025000
2712;31,030000
2713;31,025000
2714;31,025000
2715;31,020000
2716;31,020000
2717;31,025000
2718;31,030000
2719;31,035000
2720;31,035000
2721;31,030000
2722;31,030000
2723;31,035000
2724;31,040000
2725;31,050000
2726;31,055000
2727;31,050000
2728;31,045000
2729;31,050000
2730;31,055000
2731;31,055000
2732;31,055000
2733;31,055000
2734;31,055000
2735;31,065000
2736;31,060000
2737;31,045000
2738;31,045000
2739;31,045000
2740;31,045000
2741;31,055000
2742;31,050000
2743;31,055000
2744;31,060000
2745;31,065000
2746;31,065000
2747;31,060000
2748;31,070000
2749;31,070000
2750;31,075000
2751;31,080000
2752;31,080000
2753;31,075000
2754;31,065000
2755;31,065000
2756;31,060000
2757;31,060000
2758;31,055000
2759;31,060000
2760;31,055000
2761;31,050000
2762;31,050000
2763;31,050000
2764;31,045000
2765;31,035000
2766;31,035000
2767;31,035000
2768;31,035000
2769;31,045000
2770;31,040000
2771;31,035000
2772;31,035000
2773;31,035000
2774;31,025000
2775;31,020000
2776;31,020000
2777;31,025000
2778;31,030000
2779;31,030000
2780;31,035000
2781;31,035000
2782;31,040000
2783;31,050000
2784;31,045000
2785;31,045000
2786;31,055000
2787;31,050000
2788;31,060000
2789;31,070000
2790;31,065000
2791;31,065000
2792;31,065000
2793;31,065000
2794;31,075000
2795;31,075000
2796;31,075000
2797;31,075000
2798;31,070000
2799;31,070000
2800;31,080000
2801;31,070000
2802;31,070000
2803;31,075000
2804;31,070000
2805;31,070000
2806;31,070000
2807;31,075000
2808;31,075000
2809;31,075000
2810;31,080000
2811;31,080000
2812;31,080000
2813;31,075000
2814;31,080000
2815;31,080000
2816;31,075000
2817;31,080000
2818;31,080000
2819;31,085000
2820;31,080000
2821;31,085000
2822;31,085000
2823;31,090000
2824;31,095000
2825;31,085000
2826;31,080000
2827;31,080000
2828;31,080000
2829;31,080000
2830;31,085000
2831;31,075000
2832;31,075000
2833;31,075000
2834;31,080000
2835;31,080000
2836;31,080000
2837;31,090000
2838;31,085000
2839;31,075000
2840;31,070000
2841;31,080000
2842;31,085000
2843;31,080000
2844;31,080000
2845;31,085000
2846;31,095000
2847;31,095000
2848;31,095000
2849;31,080000
2850;31,080000
2851;31,075000
2852;31,080000
2853;31,085000
2854;31,090000
2855;31,085000
2856;31,085000
2857;31,090000
2858;31,080000
2859;31,080000
2860;31,080000
2861;31,075000
2862;31,080000
2863;31,070000
2864;31,080000
2865;31,085000
2866;31,090000
2867;31,080000
2868;31,085000
2869;31,090000
2870;31,090000
2871;31,095000
2872;31,100000
2873;31,095000
2874;31,100000
2875;31,095000
2876;31,090000
2877;31,080000
2878;31,080000
2879;31,100000
2880;31,095000
2881;31,095000
2882;31,095000
2883;31,090000
2884;31,085000
2885;31,085000
2886;31,090000
2887;31,090000
2888;31,090000
2889;31,090000
2890;31,090000
2891;31,105000
2892;31,110000
2893;31,115000
2894;31,115000
2895;31,105000
2896;31,110000
2897;31,105000
2898;31,105000
2899;31,110000
2900;31,115000
2901;31,115000
2902;31,115000
2903;31,110000
2904;31,110000
2905;31,115000
2906;31,110000
2907;31,105000
2908;31,100000
2909;31,100000
2910;31,110000
2911;31,115000
2912;31,120000
2913;31,115000
2914;31,110000
2915;31,105000
2916;31,100000
2917;31,100000
2918;31,095000
2919;31,100000
2920;31,105000
2921;31,110000
2922;31,115000
2923;31,125000
2924;31,130000
2925;31,130000
2926;31,130000
2927;31,135000
2928;31,125000
2929;31,130000
2930;31,130000
2931;31,120000
2932;31,120000
2933;31,115000
2934;31,115000
2935;31,115000
2936;31,120000
2937;31,130000
2938;31,140000
2939;31,145000
2940;31,145000
2941;31,145000
2942;31,155000
2943;31,165000
2944;31,170000
2945;31,160000
2946;31,165000
2947;31,165000
2948;31,175000
2949;31,170000
2950;31,180000
2951;31,180000
2952;31,170000
2953;31,185000
2954;31,190000
2955;31,185000
2956;31,185000
2957;31,185000
2958;31,185000
2959;31,195000
2960;31,190000
2961;31,190000
2962;31,190000
2963;31,205000
2964;31,205000
2965;31,210000
2966;31,220000
2967;31,210000
2968;31,205000
2969;31,200000
2970;31,190000
2971;31,195000
2972;31,205000
2973;31,190000
2974;31,185000
2975;31,185000
2976;31,185000
2977;31,185000
2978;31,210000
2979;31,205000
2980;31,200000
2981;31,220000
2982;31,210000
2983;31,200000
2984;31,195000
2985;31,205000
2986;31,205000
2987;31,200000
2988;31,210000
2989;31,190000
2990;31,190000
2991;31,190000
2992;31,200000
2993;31,195000
2994;31,205000
2995;31,200000
2996;31,205000
2997;31,200000
2998;31,195000
2999;31,190000
3000;31,195000
3001;31,195000
3002;31,205000
3003;31,205000
3004;31,205000
3005;31,230000
3006;31,240000
3007;31,230000
3008;31,230000
3009;31,230000
3010;31,230000
3011;31,215000
3012;31,215000
3013;31,205000
3014;31,210000
3015;31,210000
3016;31,205000
3017;31,200000
3018;31,185000
3019;31,190000
3020;31,185000
3021;31,175000
3022;31,175000
3023;31,185000
3024;31,195000
3025;31,200000
3026;31,195000
3027;31,190000
3028;31,205000
3029;31,210000
3030;31,200000
3031;31,195000
3032;31,175000
3033;31,170000
3034;31,155000
3035;31,165000
3036;31,180000
3037;31,190000
3038;31,205000
3039;31,205000
3040;31,190000
3041;31,195000
3042;31,205000
3043;31,185000
3044;31,185000
3045;31,180000
3046;31,160000
3047;31,175000
3048;31,180000
3049;31,175000
3050;31,175000
3051;31,165000
3052;31,150000
3053;31,145000
3054;31,150000
3055;31,160000
3056;31,150000
3057;31,145000
3058;31,135000
3059;31,135000
3060;31,140000
3061;31,145000
3062;31,155000
3063;31,155000
3064;31,160000
3065;31,170000
3066;31,180000
3067;31,160000
3068;31,160000
3069;31,150000
3070;31,145000
3071;31,130000
3072;31,135000
3073;31,145000
3074;31,135000
3075;31,135000
3076;31,140000
3077;31,140000
3078;31,155000
3079;31,170000
3080;31,180000
3081;31,170000
3082;31,165000
3083;31,175000
3084;31,160000
3085;31,160000
3086;31,160000
3087;31,170000
3088;31,170000
3089;31,175000
3090;31,170000
3091;31,165000
3092;31,165000
3093;31,170000
3094;31,180000
3095;31,170000
3096;31,165000
3097;31,165000
3098;31,165000
3099;31,175000
3100;31,180000
3101;31,190000
3102;31,195000
3103;31,200000
3104;31,200000
3105;31,190000
3106;31,170000
3107;31,165000
3108;31,160000
3109;31,150000
3110;31,140000
3111;31,150000
3112;31,160000
3113;31,160000
3114;31,170000
3115;31,170000
3116;31,175000
3117;31,165000
3118;31,155000
3119;31,160000
3120;31,155000
3121;31,150000
3122;31,140000
3123;31,135000
3124;31,135000
3125;31,130000
3126;31,135000
3127;31,135000
3128;31,130000
3129;31,115000
3130;31,095000
3131;31,095000
3132;31,075000
3133;31,070000
3134;31,060000
3135;31,060000
3136;31,055000
3137;31,060000
3138;31,075000
3139;31,075000
3140;31,085000
3141;31,075000
3142;31,080000
3143;31,080000
3144;31,085000
3145;31,090000
3146;31,080000
3147;31,075000
3148;31,080000
3149;31,080000
3150;31,090000
3151;31,080000
3152;31,075000
3153;31,080000
3154;31,090000
3155;31,085000
3156;31,080000
3157;31,060000
3158;31,060000
3159;31,065000
3160;31,060000
3161;31,060000
3162;31,060000
3163;31,055000
3164;31,055000
3165;31,055000
3166;31,055000
3167;31,065000
3168;31,065000
3169;31,065000
3170;31,065000
3171;31,065000
3172;31,070000
3173;31,065000
3174;31,075000
3175;31,085000
3176;31,080000
3177;31,075000
3178;31,080000
3179;31,075000
3180;31,080000
3181;31,090000
3182;31,095000
3183;31,080000
3184;31,075000
3185;31,065000
3186;31,050000
3187;31,050000
3188;31,050000
3189;31,050000
3190;31,035000
3191;31,030000
3192;31,030000
3193;31,030000
3194;31,030000
3195;31,035000
3196;31,035000
3197;31,035000
3198;31,030000
3199;31,030000
3200;31,035000
3201;31,025000
3202;31,030000
3203;31,030000
3204;31,035000
3205;31,035000
3206;31,040000
3207;31,035000
3208;31,035000
3209;31,030000
3210;31,035000
3211;31,025000
3212;31,025000
3213;31,035000
3214;31,035000
3215;31,040000
3216;31,035000
3217;31,045000
3218;31,045000
3219;31,045000
3220;31,030000
3221;31,035000
3222;31,030000
3223;31,030000
3224;31,030000
3225;31,030000
3226;31,020000
3227;31,020000
3228;31,020000
3229;31,020000
3230;31,020000
3231;31,025000
3232;31,025000
3233;31,020000
3234;31,020000
3235;31,015000
3236;31,020000
3237;31,015000
3238;31,015000
3239;31,010000
3240;31,010000
3241;31,010000
3242;31,010000
3243;31,005000
3244;31,000000
3245;31,005000
3246;31,005000
3247;31,005000
3248;31,000000
3249;31,000000
3250;31,000000
3251;31,000000
3252;31,000000
3253;31,000000
3254;31,005000
3255;31,005000
3256;31,005000
3257;31,005000
3258;31,005000
3259;31,010000
3260;31,015000
3261;31,010000
3262;31,015000
3263;31,015000
3264;31,010000
3265;31,015000
3266;31,020000
3267;31,020000
3268;31,020000
3269;31,020000
3270;31,020000
3271;31,025000
3272;31,030000
3273;31,030000
3274;31,030000
3275;31,030000
3276;31,030000
3277;31,030000
3278;31,030000
3279;31,020000
3280;31,010000
3281;31,010000
3282;31,010000
3283;31,010000
3284;31,010000
3285;31,010000
3286;31,010000
3287;31,010000
3288;31,010000
3289;31,010000
3290;31,010000
3291;31,010000
3292;31,010000
3293;31,010000
3294;31,010000
3295;31,010000
3296;31,010000
3297;31,010000
3298;31,015000
3299;31,015000
3300;31,015000
3301;31,015000
3302;31,020000
3303;31,015000
3304;31,020000
3305;31,025000
3306;31,020000
3307;31,020000
3308;31,025000
3309;31,025000
3310;31,025000
3311;31,025000
3312;31,030000
3313;31,030000
3314;31,030000
3315;31,040000
3316;31,040000
3317;31,040000
3318;31,040000
3319;31,035000
3320;31,035000
3321;31,040000
3322;31,035000
3323;31,035000
3324;31,045000
3325;31,040000
3326;31,030000
3327;31,025000
3328;31,030000
3329;31,025000
3330;31,025000
3331;31,025000
3332;31,025000
3333;31,025000
3334;31,025000
3335;31,030000
3336;31,030000
3337;31,035000
3338;31,035000
3339;31,025000
3340;31,020000
3341;31,020000
3342;31,020000
3343;31,020000
3344;31,020000
3345;31,015000
3346;31,015000
3347;31,015000
3348;31,025000
3349;31,025000
3350;31,025000
3351;31,020000
3352;31,015000
3353;31,015000
3354;31,015000
3355;31,015000
3356;31,015000
3357;31,010000
3358;31,005000
3359;31,000000
3360;31,000000
3361;31,000000
3362;31,000000
3363;31,005000
3364;31,010000
3365;31,010000
3366;31,010000
3367;31,010000
3368;31,010000
3369;31,005000
3370;31,005000
3371;31,005000
3372;31,000000
3373;31,000000
3374;31,005000
3375;31,005000
3376;31,005000
3377;31,005000
3378;31,005000
3379;31,005000
3380;31,005000
3381;31,005000
3382;31,005000
3383;31,005000
3384;31,005000
3385;31,005000
3386;31,010000
3387;31,010000
3388;31,005000
3389;31,005000
3390;30,995000
3391;30,995000
3392;30,995000
3393;30,995000
3394;30,995000
3395;30,990000
3396;30,990000
3397;30,990000
3398;30,990000
3399;30,990000
3400;30,990000
3401;30,990000
3402;30,985000
3403;30,985000
3404;30,980000
3405;30,980000
3406;30,980000
3407;30,980000
3408;30,990000
3409;30,990000
3410;30,990000
3411;30,990000
3412;30,990000
3413;30,990000
3414;30,990000
3415;30,990000
3416;30,990000
3417;30,990000
3418;30,985000
3419;30,985000
3420;30,985000
3421;30,985000
3422;30,985000
3423;30,985000
3424;30,990000
3425;30,990000
3426;30,990000
3427;30,990000
3428;30,990000
3429;30,990000
3430;30,990000
3431;30,995000
3432;30,995000
3433;30,995000
3434;30,995000
3435;30,995000
3436;30,995000
3437;30,995000
3438;30,995000
3439;30,995000
3440;30,995000
3441;30,995000
3442;30,995000
3443;30,995000
3444;30,995000
3445;30,995000
3446;30,995000
3447;30,995000
3448;30,995000
3449;30,995000
3450;30,995000
3451;30,995000
3452;30,995000
3453;30,995000
3454;30,995000
3455;30,995000
3456;30,995000
3457;30,995000
3458;30,995000
3459;30,995000
3460;30,995000
3461;30,995000
3462;30,995000
3463;30,995000
3464;30,995000
3465;30,995000
3466;30,995000
3467;30,995000
3468;30,995000
3469;30,995000
3470;31,000000
3471;31,000000
3472;31,000000
3473;31,000000
3474;31,000000
3475;31,000000
3476;31,000000
3477;31,000000
3478;31,000000
3479;31,000000
3480;31,000000
3481;31,000000
3482;31,000000
3483;31,000000
3484;31,000000
3485;31,000000
3486;31,000000
3487;31,000000
3488;31,000000
3489;31,000000
3490;31,000000
3491;31,000000
3492;31,000000
3493;31,000000
3494;30,995000
3495;30,995000
3496;30,995000
3497;30,995000
3498;30,995000
3499;31,000000
3500;31,000000
3501;30,995000
3502;30,995000
3503;30,995000
3504;30,995000
3505;30,995000
3506;30,995000
3507;30,995000
3508;30,995000
3509;30,995000
3510;30,995000
3511;30,995000
3512;30,995000
3513;30,995000
3514;30,995000
3515;30,995000
3516;31,000000
3517;31,000000
3518;31,000000
3519;31,000000
3520;31,000000
3521;30,995000
3522;30,995000
3523;30,995000
3524;30,995000
3525;30,995000
3526;30,995000
3527;30,995000
3528;31,000000
3529;31,000000
3530;31,000000
3531;30,995000
3532;30,995000
3533;30,995000
3534;31,000000
3535;31,000000
3536;31,000000
3537;31,000000
3538;31,000000
3539;31,000000
3540;31,000000
3541;31,000000
3542;31,000000
3543;30,995000
3544;30,990000
3545;30,985000
3546;30,985000
3547;30,985000
3548;30,985000
3549;30,985000
3550;30,990000
3551;30,990000
3552;30,990000
3553;30,985000
3554;30,985000
3555;30,985000
3556;30,990000
3557;30,990000
3558;30,995000
3559;30,995000
3560;30,995000
3561;30,995000
3562;30,995000
3563;30,995000
3564;30,990000
3565;30,990000
3566;30,990000
3567;30,990000
3568;30,990000
3569;30,990000
3570;30,985000
3571;30,975000
3572;30,975000
3573;30,975000
3574;30,980000
3575;30,980000
3576;30,980000
3577;30,980000
3578;30,975000
3579;30,970000
3580;30,970000
3581;30,970000
3582;30,970000
3583;30,970000
3584;30,965000
3585;30,965000
3586;30,970000
3587;30,975000
3588;30,985000
3589;30,990000
3590;30,990000
3591;30,995000
3592;30,995000
3593;30,995000
3594;30,995000
3595;30,995000
3596;30,990000
3597;30,990000
3598;30,985000
3599;30,990000
3600;30,990000
3601;30,990000
3602;30,990000
3603;30,995000
3604;30,995000
3605;30,995000
3606;30,995000
3607;30,990000
3608;30,990000
3609;30,995000
3610;30,995000
3611;30,995000
3612;30,995000
3613;30,995000
3614;30,995000
3615;30,995000
3616;30,990000
3617;30,985000
3618;30,980000
3619;30,980000
3620;30,980000
3621;30,980000
3622;30,980000
3623;30,975000
3624;30,975000
3625;30,975000
3626;30,975000
3627;30,975000
3628;30,980000
3629;30,980000
3630;30,980000
3631;30,980000
3632;30,980000
3633;30,980000
3634;30,980000
3635;30,980000
3636;30,980000
3637;30,980000
3638;30,980000
3639;30,975000
3640;30,975000
3641;30,980000
3642;30,980000
3643;30,980000
3644;30,980000
3645;30,985000
3646;30,980000
3647;30,980000
3648;30,985000
3649;30,985000
3650;30,985000
3651;30,985000
3652;30,985000
3653;30,985000
3654;30,985000
3655;30,985000
3656;30,985000
3657;30,985000
3658;30,985000
3659;30,985000
3660;30,985000
3661;30,990000
3662;30,990000
3663;30,990000
3664;30,990000
3665;30,990000
3666;30,990000
3667;30,990000
3668;30,990000
3669;30,990000
3670;30,990000
3671;30,990000
3672;30,990000
3673;30,990000
3674;30,990000
3675;30,990000
3676;30,995000
3677;30,995000
3678;30,995000
3679;30,995000
3680;30,990000
3681;30,995000
3682;30,995000
3683;31,000000
3684;31,000000
3685;30,995000
3686;30,995000
3687;30,995000
3688;30,995000
3689;30,995000
3690;30,995000
3691;30,995000
3692;30,995000
3693;30,995000
3694;31,000000
3695;31,000000
3696;31,000000
3697;31,005000
3698;31,005000
3699;31,005000
3700;31,005000
3701;31,005000
3702;31,005000
3703;31,005000
3704;31,005000
3705;31,005000
3706;31,005000
3707;31,000000
3708;31,000000
3709;31,000000
3710;31,000000
3711;31,000000
3712;31,000000
3713;31,000000
3714;31,000000
3715;31,000000
3716;30,995000
3717;30,995000
3718;30,995000
3719;30,995000
3720;31,000000
3721;31,000000
3722;31,000000
3723;31,000000
3724;31,000000
3725;31,000000
3726;31,000000
3727;31,000000
3728;31,000000
3729;31,000000
3730;31,000000
3731;31,000000
3732;30,995000
3733;30,995000
3734;30,995000
3735;30,995000
3736;30,995000
3737;30,995000
3738;30,995000
3739;30,995000
3740;30,995000
3741;30,995000
3742;31,000000
3743;31,000000
3744;31,000000
3745;31,000000
3746;31,000000
3747;30,995000
3748;30,995000
3749;30,990000
3750;30,995000
3751;30,995000
3752;30,995000
3753;30,995000
3754;30,995000
3755;30,995000
3756;30,995000
3757;30,995000
3758;30,995000
3759;30,995000
3760;31,000000
3761;31,000000
3762;31,000000
3763;31,000000
3764;31,000000
3765;31,000000
3766;31,000000
3767;31,000000
3768;31,000000
3769;31,000000
3770;31,000000
3771;31,000000
3772;31,000000
3773;31,000000
3774;31,000000
3775;31,000000
3776;31,000000
3777;31,000000
3778;31,000000
3779;31,000000
3780;31,000000
3781;31,000000
3782;31,000000
3783;31,000000
3784;31,000000
3785;31,000000
3786;31,000000
3787;31,000000
3788;31,000000
3789;31,000000
3790;31,000000
3791;31,000000
3792;31,000000
3793;31,000000
3794;31,000000
3795;31,000000
3796;30,995000
3797;30,995000
3798;30,995000
3799;31,000000
3800;31,000000
3801;31,000000
3802;31,000000
3803;31,000000
3804;31,000000
3805;31,000000
3806;31,000000
3807;31,000000
3808;31,000000
3809;31,000000
3810;31,000000
3811;31,000000
3812;31,000000
3813;31,000000
3814;31,000000
3815;31,000000
3816;31,000000
3817;31,000000
3818;31,000000
3819;30,995000
3820;31,000000
3821;31,000000
3822;31,000000
3823;31,000000
3824;31,000000
3825;31,000000
3826;30,995000
3827;30,995000
3828;30,995000
3829;30,995000
3830;30,990000
3831;30,990000
3832;30,985000
3833;30,985000
3834;30,985000
3835;30,985000
3836;30,985000
3837;30,985000
3838;30,985000
3839;30,985000
3840;30,985000
3841;30,985000
3842;30,985000
3843;30,985000
3844;30,985000
3845;30,985000
3846;30,985000
3847;30,985000
3848;30,985000
3849;30,985000
3850;30,985000
3851;30,990000
3852;30,985000
3853;30,985000
3854;30,990000
3855;30,995000
3856;30,995000
3857;30,995000
3858;30,995000
3859;30,995000
3860;30,995000
3861;30,995000
3862;30,995000
3863;30,995000
3864;30,995000
3865;30,990000
3866;30,990000
3867;30,995000
3868;30,995000
3869;30,995000
3870;30,995000
3871;30,995000
3872;30,995000
3873;30,995000
3874;30,995000
3875;30,995000
3876;30,995000
3877;30,990000
3878;30,990000
3879;30,990000
3880;30,990000
3881;30,990000
3882;30,990000
3883;30,990000
3884;30,990000
3885;30,990000
3886;30,990000
3887;30,990000
3888;30,995000
3889;30,995000
3890;30,995000
3891;30,995000
3892;30,995000
3893;30,995000
3894;30,995000
3895;30,995000
3896;30,995000
3897;30,995000
3898;30,995000
3899;30,995000
3900;30,995000
3901;30,995000
3902;30,995000
3903;31,000000
3904;31,000000
3905;31,000000
3906;31,000000
3907;31,000000
3908;31,000000
3909;31,000000
3910;31,000000
3911;31,000000
3912;31,000000
3913;31,000000
3914;31,000000
3915;31,000000
3916;31,000000
3917;31,000000
3918;31,000000
3919;31,000000
3920;31,000000
3921;31,000000
3922;31,000000
3923;31,000000
3924;31,000000
3925;31,000000
3926;31,000000
3927;31,000000
3928;31,000000
3929;31,000000
3930;30,995000
3931;30,995000
3932;30,995000
3933;30,995000
3934;30,995000
3935;30,995000
3936;30,995000
3937;30,995000
3938;30,995000
3939;30,995000
3940;30,995000
3941;30,995000
3942;30,995000
3943;30,995000
3944;30,995000
3945;30,995000
3946;30,995000
3947;30,995000
3948;30,995000
3949;30,995000
3950;30,995000
3951;30,995000
3952;30,995000
3953;30,995000
3954;30,995000
3955;30,990000
3956;30,990000
3957;30,995000
3958;30,995000
3959;30,995000
3960;30,995000
3961;30,995000
3962;30,990000
3963;30,995000
3964;30,995000
3965;30,995000
3966;30,995000
3967;30,995000
3968;31,000000
3969;31,000000
3970;31,000000
3971;31,000000
3972;31,000000
3973;31,000000
3974;30,995000
3975;30,995000
3976;30,995000
3977;30,990000
3978;30,990000
3979;30,995000
3980;31,000000
3981;31,000000
3982;31,000000
3983;31,000000
3984;31,000000
3985;31,000000
3986;31,000000
3987;31,000000
3988;31,000000
3989;31,000000
3990;31,000000
3991;30,995000
3992;30,995000
3993;30,995000
3994;30,995000
3995;30,995000
3996;30,995000
3997;30,995000
3998;30,995000
3999;30,995000
4000;30,995000
4001;30,995000
4002;30,995000
4003;30,995000
4004;30,995000
4005;30,995000
4006;30,995000
4007;30,995000
4008;30,995000
4009;30,995000
4010;30,995000
4011;31,000000
4012;31,000000
4013;31,000000
4014;31,000000
4015;31,000000
4016;31,000000
4017;31,000000
4018;31,000000
4019;31,000000
4020;31,000000
4021;31,000000
4022;31,000000
4023;31,000000
4024;31,000000
4025;31,000000
4026;31,000000
4027;31,000000
4028;31,000000
4029;31,000000
4030;31,000000
4031;31,000000
4032;31,000000
4033;31,000000
4034;31,000000
4035;31,000000
4036;31,000000
4037;31,000000
4038;31,000000
4039;31,000000
4040;31,000000
4041;31,000000
4042;31,000000
4043;31,000000
4044;31,000000
4045;30,995000
4046;30,995000
4047;30,995000
4048;30,995000
4049;30,995000
4050;30,995000
4051;30,995000
4052;30,995000
4053;30,995000
4054;30,995000
4055;30,995000
4056;30,995000
4057;30,995000
4058;31,000000
4059;31,000000
4060;31,000000
4061;31,000000
4062;31,000000
4063;31,000000
4064;31,000000
4065;31,000000
4066;31,000000
4067;31,000000
4068;31,000000
4069;31,000000
4070;31,000000
4071;31,000000
4072;31,000000
4073;30,995000
4074;30,995000
4075;30,995000
4076;30,995000
4077;30,995000
4078;30,995000
4079;30,995000
4080;30,995000
4081;30,995000
4082;30,995000
4083;30,995000
4084;30,995000
4085;30,995000
4086;30,995000
4087;30,995000
4088;30,995000
4089;30,995000
4090;30,995000
4091;30,995000
4092;31,000000
4093;31,000000
4094;31,000000
4095;31,000000
4096;31,000000
4097;31,000000
4098;31,000000
4099;31,000000
4100;31,000000
4101;31,000000
4102;31,000000
4103;31,000000
4104;31,000000
4105;31,000000
4106;31,000000
4107;31,000000
4108;31,000000
4109;31,000000
4110;31,000000
4111;31,000000
4112;31,000000
4113;31,000000
4114;31,000000
4115;31,000000
4116;30,995000
4117;30,995000
4118;30,995000
4119;30,995000
4120;30,995000
4121;30,995000
4122;30,995000
4123;30,995000
4124;30,995000
4125;30,990000
4126;30,990000
4127;30,990000
4128;30,990000
4129;30,990000
4130;30,990000
4131;30,990000
4132;30,990000
4133;30,990000
4134;30,990000
4135;30,980000
4136;30,980000
4137;30,980000
4138;30,980000
4139;30,975000
4140;30,980000
4141;30,980000
4142;30,975000
4143;30,970000
4144;30,975000
4145;30,975000
4146;30,975000
4147;30,975000
4148;30,980000
4149;30,980000
4150;30,985000
4151;30,990000
4152;30,990000
4153;30,990000
4154;30,990000
4155;30,995000
4156;30,995000
4157;30,995000
4158;30,995000
4159;30,995000
4160;30,995000
4161;30,995000
4162;30,995000
4163;30,995000
4164;30,995000
4165;30,995000
4166;30,995000
4167;30,995000
4168;30,995000
4169;30,995000
4170;30,990000
4171;30,990000
4172;30,995000
4173;30,995000
4174;30,995000
4175;30,995000
4176;30,995000
4177;30,995000
4178;30,995000
4179;30,995000
4180;30,995000
4181;30,995000
4182;30,995000
4183;30,995000
4184;30,995000
4185;30,995000
4186;30,990000
4187;30,990000
4188;30,990000
4189;30,990000
4190;30,990000
4191;30,990000
4192;30,990000
4193;30,990000
4194;30,985000
4195;30,985000
4196;30,985000
4197;30,990000
4198;30,990000
4199;30,990000
4200;30,990000
4201;30,995000
4202;30,995000
4203;30,990000
4204;30,990000
4205;30,990000
4206;30,990000
4207;30,990000
4208;30,990000
4209;30,990000
4210;30,990000
4211;30,985000
4212;30,985000
4213;30,985000
4214;30,985000
4215;30,980000
4216;30,975000
4217;30,970000
4218;30,965000
4219;30,975000
4220;30,980000
4221;30,975000
4222;30,975000
4223;30,985000
4224;30,985000
4225;30,985000
4226;30,985000
4227;30,985000
4228;30,990000
4229;30,990000
4230;30,990000
4231;30,990000
4232;30,990000
4233;30,990000
4234;30,990000
4235;30,985000
4236;30,985000
4237;30,985000
4238;30,990000
4239;30,990000
4240;30,990000
4241;30,990000
4242;30,990000
4243;30,990000
4244;30,990000
4245;30,985000
4246;30,980000
4247;30,980000
4248;30,980000
4249;30,980000
4250;30,980000
4251;30,980000
4252;30,980000
4253;30,980000
4254;30,980000
4255;30,975000
4256;30,975000
4257;30,975000
4258;30,985000
4259;30,990000
4260;30,990000
4261;30,985000
4262;30,980000
4263;30,980000
4264;30,980000
4265;30,980000
4266;30,980000
4267;30,980000
4268;30,980000
4269;30,980000
4270;30,980000
4271;30,975000
4272;30,980000
4273;30,980000
4274;30,975000
4275;30,975000
4276;30,985000
4277;30,985000
4278;30,990000
4279;30,990000
4280;30,990000
4281;30,990000
4282;30,990000
4283;30,990000
4284;30,990000
4285;30,995000
4286;30,995000
4287;30,995000
4288;30,995000
4289;31,000000
4290;31,000000
4291;31,000000
4292;31,000000
4293;31,000000
4294;31,000000
4295;31,000000
4296;31,000000
4297;30,995000
4298;30,995000
4299;30,995000
4300;30,995000
4301;30,995000
4302;30,990000
4303;30,990000
4304;30,990000
4305;30,990000
4306;30,990000
4307;30,990000
4308;30,990000
4309;30,990000
4310;30,990000
4311;30,990000
4312;30,990000
4313;30,990000
4314;30,990000
4315;30,985000
4316;30,985000
4317;30,985000
4318;30,990000
4319;30,990000
4320;30,990000
4321;30,990000
4322;30,990000
4323;30,990000
4324;30,990000
4325;30,990000
4326;30,990000
4327;30,990000
4328;30,990000
4329;30,985000
4330;30,985000
4331;30,985000
4332;30,985000
4333;30,985000
4334;30,985000
4335;30,985000
4336;30,990000
4337;30,990000
4338;30,990000
4339;30,990000
4340;30,995000
4341;30,995000
4342;30,995000
4343;31,000000
4344;31,000000
4345;31,000000
4346;31,000000
4347;31,000000
4348;31,000000
4349;31,000000
4350;31,000000
4351;31,000000
4352;30,995000
4353;30,990000
4354;30,985000
4355;30,980000
4356;30,980000
4357;30,985000
4358;30,985000
4359;30,985000
4360;30,985000
4361;30,985000
4362;30,980000
4363;30,980000
4364;30,975000
4365;30,980000
4366;30,985000
4367;30,985000
4368;30,985000
4369;30,985000
4370;30,985000
4371;30,985000
4372;30,990000
4373;30,990000
4374;30,990000
4375;30,990000
4376;30,990000
4377;30,995000
4378;31,000000
4379;31,000000
4380;31,000000
4381;31,000000
4382;31,000000
4383;31,000000
4384;31,000000
4385;31,000000
4386;30,995000
4387;30,995000
4388;30,995000
4389;30,995000
4390;31,000000
4391;31,000000
4392;31,000000
4393;31,000000
4394;30,995000
4395;30,995000
4396;30,995000
4397;30,995000
4398;30,995000
4399;30,990000
4400;30,990000
4401;30,990000
4402;30,990000
4403;30,995000
4404;30,995000
4405;30,995000
4406;30,995000
4407;30,995000
4408;30,995000
4409;30,995000
4410;31,000000
4411;31,000000
4412;31,000000
4413;31,000000
4414;31,000000
4415;31,000000
4416;31,000000
4417;31,000000
4418;31,000000
4419;31,000000
4420;31,000000
4421;31,000000
4422;31,000000
4423;31,000000
4424;31,000000
4425;31,000000
4426;31,000000
4427;31,000000
4428;31,000000
4429;31,000000
4430;30,995000
4431;30,995000
4432;30,995000
4433;31,000000
4434;31,000000
4435;31,000000
4436;31,000000
4437;31,000000
4438;31,000000
4439;31,000000
4440;31,000000
4441;31,000000
4442;31,000000
4443;31,000000
4444;31,000000
4445;31,000000
4446;31,000000
4447;31,000000
4448;31,000000
4449;31,000000
4450;31,000000
4451;31,000000
4452;31,000000
4453;31,000000
4454;31,000000
4455;31,000000
4456;31,000000
4457;31,000000
4458;31,000000
4459;31,000000
4460;31,000000
4461;31,000000
4462;31,000000
4463;31,000000
4464;31,000000
4465;31,000000
4466;30,995000
4467;30,995000
4468;30,995000
4469;30,995000
4470;30,995000
4471;30,995000
4472;30,995000
4473;30,995000
4474;30,995000
4475;30,995000
4476;30,990000
4477;30,990000
4478;30,990000
4479;30,990000
4480;30,990000
4481;30,990000
4482;30,990000
4483;30,985000
4484;30,980000
4485;30,980000
4486;30,980000
4487;30,980000
4488;30,975000
4489;30,980000
4490;30,975000
4491;30,975000
4492;30,975000
4493;30,975000
4494;30,975000
4495;30,975000
4496;30,975000
4497;30,980000
4498;30,985000
4499;30,985000
4500;30,990000
4501;30,990000
4502;30,990000
4503;30,980000
4504;30,980000
4505;30,980000
4506;30,980000
4507;30,980000
4508;30,980000
4509;30,990000
4510;30,990000
4511;30,990000
4512;30,990000
4513;30,990000
4514;30,990000
4515;30,995000
4516;31,000000
4517;31,000000
4518;30,995000
4519;30,995000
4520;30,995000
4521;31,000000
4522;31,000000
4523;31,000000
4524;31,000000
4525;31,000000
4526;31,000000
4527;31,000000
4528;31,000000
4529;31,000000
4530;31,000000
4531;31,000000
4532;31,000000
4533;31,000000
4534;31,000000
4535;31,000000
4536;31,000000
4537;30,995000
4538;30,995000
4539;30,995000
4540;30,995000
4541;30,990000
4542;30,990000
4543;30,985000
4544;30,985000
4545;30,985000
4546;30,985000
4547;30,985000
4548;30,985000
4549;30,985000
4550;30,990000
4551;30,990000
4552;30,990000
4553;30,990000
4554;30,990000
4555;30,990000
4556;30,990000
4557;30,995000
4558;30,995000
4559;30,995000
4560;30,995000
4561;30,995000
4562;30,995000
4563;30,995000
4564;30,995000
4565;30,995000
4566;30,995000
4567;30,995000
4568;30,995000
4569;30,995000
4570;30,995000
4571;31,000000
4572;31,000000
4573;31,000000
4574;31,000000
4575;31,000000
4576;31,000000
4577;31,000000
4578;30,995000
4579;30,990000
4580;30,990000
4581;30,990000
4582;30,990000
4583;30,990000
4584;30,990000
4585;30,990000
4586;30,990000
4587;30,990000
4588;30,995000
4589;30,995000
4590;30,990000
4591;30,990000
4592;30,985000
4593;30,985000
4594;30,985000
4595;30,985000
4596;30,985000
4597;30,985000
4598;30,985000
4599;30,985000
4600;30,985000
4601;30,985000
4602;30,985000
4603;30,990000
4604;30,990000
4605;30,990000
4606;30,990000
4607;30,985000
4608;30,985000
4609;30,985000
4610;30,990000
4611;30,990000
4612;30,985000
4613;30,985000
4614;30,985000
4615;30,985000
4616;30,990000
4617;30,990000
4618;30,990000
4619;30,990000
4620;30,995000
4621;30,995000
4622;30,995000
4623;30,990000
4624;30,990000
4625;30,985000
4626;30,985000
4627;30,985000
4628;30,985000
4629;30,985000
4630;30,990000
4631;30,990000
4632;30,990000
4633;30,990000
4634;30,995000
4635;30,990000
4636;30,990000
4637;30,985000
4638;30,985000
4639;30,985000
4640;30,985000
4641;30,985000
4642;30,980000
4643;30,980000
4644;30,985000
4645;30,985000
4646;30,985000
4647;30,985000
4648;30,980000
4649;30,980000
4650;30,980000
4651;30,980000
4652;30,980000
4653;30,980000
4654;30,980000
4655;30,980000
4656;30,985000
4657;30,990000
4658;30,990000
4659;30,990000
4660;30,990000
4661;30,990000
4662;30,990000
4663;30,990000
4664;30,990000
4665;30,990000
4666;30,990000
4667;30,990000
4668;30,990000
4669;30,995000
4670;30,995000
4671;30,995000
4672;30,995000
4673;30,995000
4674;30,995000
4675;30,990000
4676;30,990000
4677;30,990000
4678;30,990000
4679;30,985000
4680;30,985000
4681;30,990000
4682;30,990000
4683;30,990000
4684;30,995000
4685;30,995000
4686;30,995000
4687;30,995000
4688;30,995000
4689;30,995000
4690;30,995000
4691;30,995000
4692;31,000000
4693;31,000000
4694;31,000000
4695;31,000000
4696;31,000000
4697;30,995000
4698;30,995000
4699;30,995000
4700;30,995000
4701;30,995000
4702;30,995000
4703;30,995000
4704;30,990000
4705;30,990000
4706;30,990000
4707;30,990000
4708;30,990000
4709;30,990000
4710;30,990000
4711;30,990000
4712;30,990000
4713;30,985000
4714;30,985000
4715;30,985000
4716;30,980000
4717;30,980000
4718;30,980000
4719;30,980000
4720;30,980000
4721;30,975000
4722;30,975000
4723;30,980000
4724;30,985000
4725;30,990000
4726;30,990000
4727;30,990000
4728;30,990000
4729;30,990000
4730;30,990000
4731;30,990000
4732;30,985000
4733;30,980000
4734;30,985000
4735;30,985000
4736;30,985000
4737;30,985000
4738;30,985000
4739;30,990000
4740;30,985000
4741;30,985000
4742;30,985000
4743;30,990000
4744;30,995000
4745;30,995000
4746;30,995000
4747;31,000000
4748;31,000000
4749;31,000000
4750;31,000000
4751;31,000000
4752;31,000000
4753;31,000000
4754;31,000000
4755;31,000000
4756;31,000000
4757;31,000000
4758;31,000000
4759;31,000000
4760;31,000000
4761;31,000000
4762;31,000000
4763;31,000000
4764;31,000000
4765;31,000000
4766;31,000000
4767;31,000000
4768;31,000000
4769;31,000000
4770;31,000000
4771;31,000000
4772;31,000000
4773;31,000000
4774;31,000000
4775;31,000000
4776;31,000000
4777;31,000000
4778;31,000000
4779;31,000000
4780;31,000000
4781;31,000000
4782;31,000000
4783;31,000000
4784;31,000000
4785;31,000000
4786;31,000000
4787;31,000000
4788;31,000000
4789;31,000000
4790;30,995000
4791;30,990000
4792;30,990000
4793;30,990000
4794;30,990000
4795;30,995000
4796;30,995000
4797;30,995000
4798;30,995000
4799;30,990000
4800;30,990000
4801;30,985000
4802;30,980000
4803;30,980000
4804;30,985000
4805;30,985000
4806;30,985000
4807;30,985000
4808;30,985000
4809;30,985000
4810;30,990000
4811;30,990000
4812;30,995000
4813;30,995000
4814;30,995000
4815;31,000000
4816;31,000000
4817;31,000000
4818;31,000000
4819;31,000000
4820;31,000000
4821;31,000000
4822;31,000000
4823;31,000000
4824;31,000000
4825;31,000000
4826;31,000000
4827;31,000000
4828;31,000000
4829;31,000000
4830;31,000000
4831;31,000000
4832;31,000000
4833;31,000000
4834;31,000000
4835;31,000000
4836;31,000000
4837;31,000000
4838;31,000000
4839;31,000000
4840;31,000000
4841;31,000000
4842;31,000000
4843;31,000000
4844;31,000000
4845;31,000000
4846;31,000000
4847;31,000000
4848;31,000000
4849;31,000000
4850;30,995000
4851;30,995000
4852;30,995000
4853;30,995000
4854;30,995000
4855;30,995000
4856;30,990000
4857;30,990000
4858;30,990000
4859;30,990000
4860;30,990000
4861;30,990000
4862;30,985000
4863;30,985000
4864;30,985000
4865;30,985000
4866;30,985000
4867;30,985000
4868;30,985000
4869;30,990000
4870;30,995000
4871;31,000000
4872;31,000000
4873;31,000000
4874;31,000000
4875;31,000000
4876;31,000000
4877;31,000000
4878;31,000000
4879;31,000000
4880;31,000000
4881;31,000000
4882;31,000000
4883;31,000000
4884;31,000000
4885;31,000000
4886;31,000000
4887;31,000000
4888;31,000000
4889;31,000000
4890;31,000000
4891;30,995000
4892;31,000000
4893;31,000000
4894;31,000000
4895;30,995000
4896;30,990000
4897;30,990000
4898;30,985000
4899;30,985000
4900;30,990000
4901;30,990000
4902;30,990000
4903;30,990000
4904;30,990000
4905;30,990000
4906;30,985000
4907;30,980000
4908;30,980000
4909;30,980000
4910;30,975000
4911;30,975000
4912;30,975000
4913;30,975000
4914;30,980000
4915;30,985000
4916;30,990000
4917;30,985000
4918;30,985000
4919;30,985000
4920;30,985000
4921;30,985000
4922;30,990000
4923;30,990000
4924;30,990000
4925;30,990000
4926;30,990000
4927;30,990000
4928;30,990000
4929;30,990000
4930;30,995000
4931;30,995000
4932;30,995000
4933;30,995000
4934;30,995000
4935;30,995000
4936;30,995000
4937;30,995000
4938;30,995000
4939;30,995000
4940;30,995000
4941;30,990000
4942;30,990000
4943;30,990000
4944;30,990000
4945;30,990000
4946;30,990000
4947;30,985000
4948;30,985000
4949;30,985000
4950;30,985000
4951;30,985000
4952;30,985000
4953;30,990000
4954;30,995000
4955;30,995000
4956;30,995000
4957;30,995000
4958;30,995000
4959;31,000000
4960;31,000000
4961;31,000000
4962;31,000000
4963;30,995000
4964;30,995000
4965;30,995000
4966;30,995000
4967;30,995000
4968;30,995000
4969;30,995000
4970;30,995000
4971;30,995000
4972;30,995000
4973;30,995000
4974;30,995000
4975;30,995000
4976;30,995000
4977;30,995000
4978;30,995000
4979;30,995000
4980;30,995000
4981;30,995000
4982;30,995000
4983;31,000000
4984;31,000000
4985;31,000000
4986;31,000000
4987;31,000000
4988;31,000000
4989;31,000000
4990;31,000000
4991;30,995000
4992;30,995000
4993;30,995000
4994;30,995000
4995;30,995000
4996;30,995000
4997;31,000000
4998;30,995000
4999;30,995000
5000;30,995000
5001;31,000000
5002;31,000000
5003;31,000000
5004;31,000000
5005;31,000000
5006;31,000000
5007;31,000000
5008;31,000000
5009;31,000000
5010;31,000000
5011;31,000000
5012;31,000000
5013;31,000000
5014;31,000000
5015;31,000000
5016;31,000000
5017;31,000000
5018;31,000000
5019;31,000000
5020;31,000000
5021;31,000000
5022;31,000000
5023;31,000000
5024;31,000000
5025;31,000000
5026;31,000000
5027;31,000000
5028;31,000000
5029;31,000000
5030;31,000000
5031;31,000000
5032;31,000000
5033;31,000000
5034;31,000000
5035;30,995000
5036;30,995000
5037;30,995000
5038;31,000000
5039;31,000000
5040;31,000000
5041;31,000000
5042;31,000000
5043;31,000000
5044;30,995000
5045;31,000000
5046;31,000000
5047;31,000000
5048;31,000000
5049;30,995000
5050;30,995000
5051;30,995000
5052;30,995000
5053;30,995000
5054;30,995000
5055;30,995000
5056;30,995000
5057;30,995000
5058;30,995000
5059;30,995000
5060;30,995000
5061;30,995000
5062;30,995000
5063;30,995000
5064;30,995000
5065;30,995000
5066;30,995000
5067;30,995000
5068;30,995000
5069;30,995000
5070;30,995000
5071;31,000000
5072;31,000000
5073;31,000000
5074;31,000000
5075;31,000000
5076;31,000000
5077;31,000000
5078;31,000000
5079;31,000000
5080;31,000000
5081;31,000000
5082;31,000000
5083;31,000000
5084;31,000000
5085;31,000000
5086;31,000000
5087;31,000000
5088;31,000000
5089;31,000000
5090;31,000000
5091;31,000000
5092;31,000000
5093;31,000000
5094;31,000000
5095;30,995000
5096;30,995000
5097;30,995000
5098;30,995000
5099;30,990000
5100;30,990000
5101;30,990000
5102;30,990000
5103;30,990000
5104;30,990000
5105;30,995000
5106;30,995000
5107;30,995000
5108;30,995000
5109;30,995000
5110;30,995000
5111;30,995000
5112;30,995000
5113;30,995000
5114;30,995000
5115;30,995000
5116;30,995000
5117;30,995000
5118;30,995000
5119;30,995000
5120;30,995000
5121;30,995000
5122;30,995000
5123;30,995000
5124;30,995000
5125;30,995000
5126;30,995000
5127;30,995000
5128;30,995000
5129;30,995000
5130;30,990000
5131;30,985000
5132;30,980000
5133;30,980000
5134;30,980000
5135;30,980000
5136;30,985000
5137;30,985000
5138;30,985000
5139;30,985000
5140;30,985000
5141;30,985000
5142;30,980000
5143;30,980000
5144;30,985000
5145;30,980000
5146;30,985000
5147;30,985000
5148;30,990000
5149;30,990000
5150;30,990000
5151;30,990000
5152;30,990000
5153;30,995000
5154;30,995000
5155;30,995000
5156;30,995000
5157;30,995000
5158;30,995000
5159;30,995000
5160;30,995000
5161;30,995000
5162;30,995000
5163;30,995000
5164;30,995000
5165;30,995000
5166;30,995000
5167;30,995000
5168;30,995000
5169;30,995000
5170;30,995000
5171;30,995000
5172;30,995000
5173;30,995000
5174;30,995000
5175;30,995000
5176;30,995000
5177;30,990000
5178;30,990000
5179;30,990000
5180;30,990000
5181;30,990000
5182;30,990000
5183;30,990000
5184;30,990000
5185;30,990000
5186;30,990000
5187;30,990000
5188;30,990000
5189;30,990000
5190;30,995000
5191;30,995000
5192;30,995000
5193;30,990000
5194;30,990000
5195;30,990000
5196;30,985000
5197;30,985000
5198;30,985000
5199;30,985000
5200;30,990000
5201;30,995000
5202;31,000000
5203;31,000000
5204;31,000000
5205;31,000000
5206;31,000000
5207;31,000000
5208;31,000000
5209;31,000000
5210;31,000000
5211;31,000000
5212;31,000000
5213;31,000000
5214;31,000000
5215;31,000000
5216;31,000000
5217;31,000000
5218;31,000000
5219;31,000000
5220;31,000000
5221;31,000000
5222;31,000000
5223;31,000000
5224;31,000000
5225;31,000000
5226;31,000000
5227;31,000000
5228;31,000000
5229;31,000000
5230;31,000000
5231;31,000000
5232;31,000000
5233;31,000000
5234;31,000000
5235;31,000000
5236;31,000000
5237;31,000000
5238;30,995000
5239;30,995000
5240;30,995000
5241;30,995000
5242;30,995000
5243;30,995000
5244;30,995000
5245;30,995000
5246;30,990000
5247;30,990000
5248;30,995000
5249;30,995000
5250;30,995000
5251;30,995000
5252;30,995000
